<?xml version="1.0" encoding="UTF-8"?>
<project-private xmlns="http://www.netbeans.org/ns/project-private/1">
    <editor-bookmarks xmlns="http://www.netbeans.org/ns/editor-bookmarks/2" lastBookmarkId="0"/>
    <open-files xmlns="http://www.netbeans.org/ns/projectui-open-files/2">
        <group>
            <file>file:/C:/Users/Alex/Downloads/Application/src/view/Loading.java</file>
            <file>file:/C:/Users/Alex/Downloads/Application/src/view/Notif.json</file>
            <file>file:/C:/Users/Alex/Downloads/Application/src/view/Publish.json</file>
            <file>file:/C:/Users/Alex/Downloads/Application/src/view/Login.java</file>
            <file>file:/C:/Users/Alex/Downloads/Application/src/view/Create.java</file>
            <file>file:/C:/Users/Alex/Downloads/Application/src/view/Yuson.json</file>
            <file>file:/C:/Users/Alex/Downloads/Application/src/view/User.java</file>
            <file>file:/C:/Users/Alex/Downloads/Application/src/view/Forgot.java</file>
            <file>file:/C:/Users/Alex/Downloads/Application/src/view/Organizer.java</file>
            <file>file:/C:/Users/Alex/Downloads/Application/src/view/Event.json</file>
        </group>
    </open-files>
</project-private>
